{"name":"4a15e6af-cabe-41bd-b144-a87e84d1cc97","id":"/providers/Microsoft.Flow/flows/4a15e6af-cabe-41bd-b144-a87e84d1cc97","type":"Microsoft.Flow/flows","properties":{"apiId":"/providers/Microsoft.PowerApps/apis/shared_logicflows","displayName":"Extract text from images or PDF documents using AI Builder Text Recognition","definition":{"metadata":{"workflowEntityId":null,"processAdvisorMetadata":null,"flowChargedByPaygo":null,"flowclientsuspensionreason":"None","flowclientsuspensiontime":null,"flowclientsuspensionreasondetails":null,"creator":{"id":"ba6bf599-3127-478e-93ea-27c565307d73","type":"User","tenantId":"5c90ddac-41c6-456f-8ac6-8bc0facfe185"},"provisioningMethod":"FromDefinition","failureAlertSubscription":true,"clientLastModifiedTime":"2025-02-26T04:49:56.7027471Z","connectionKeySavedTimeKey":"2025-02-26T04:49:56.7027471Z","creationSource":"Portal","modifiedSources":"Portal"},"$schema":"https://schema.management.azure.com/providers/Microsoft.Logic/schemas/2016-06-01/workflowdefinition.json#","contentVersion":"1.0.0.0","parameters":{"$authentication":{"defaultValue":{},"type":"SecureObject"},"$connections":{"defaultValue":{},"type":"Object"}},"triggers":{"manual":{"type":"Request","kind":"Button","inputs":{"schema":{"type":"object","properties":{"file":{"title":"File","type":"object","x-ms-dynamically-added":true,"description":"Please select a file (supported file formats: .PDF, .PNG, .JPEG)","x-ms-content-hint":"FILE","properties":{"name":{"type":"string"},"contentBytes":{"type":"string","format":"byte"}}}},"required":[]}}}},"actions":{"Apply_to_each_-_Apply_to_each_page":{"foreach":"@outputs('Recognize_text_in_an_image')?['body/responsev2/predictionOutput/results']","actions":{"Apply_to_each_-_Apply_to_each_line":{"foreach":"@items('Apply_to_each_-_Apply_to_each_page')?['lines']","actions":{"Append_to_string_variable":{"type":"AppendToStringVariable","inputs":{"name":"Extracted text","value":"@{items('Apply_to_each_-_Apply_to_each_line')?['text']} "}}},"type":"Foreach"}},"runAfter":{"Initialize_variable":["Succeeded"]},"type":"Foreach"},"Recognize_text_in_an_image":{"runAfter":{},"metadata":{"flowSystemMetadata":{"portalOperationId":"aibuilderpredict_textrecognition","portalOperationGroup":"aibuilder","portalOperationApiDisplayNameOverride":"AI Builder","portalOperationIconOverride":"https://content.powerapps.com/resource/makerx/static/pauto/images/designeroperations/aiBuilderNew.51dbdb6b.png","portalOperationBrandColorOverride":"#0A76C4","portalOperationApiTierOverride":"Standard"}},"type":"OpenApiConnection","inputs":{"parameters":{"item/requestv2/base64Encoded":"@triggerBody()?['file']?['contentBytes']","recordId":"86419a67-205a-454f-b6fc-601394f2786d"},"host":{"apiId":"/providers/Microsoft.PowerApps/apis/shared_commondataserviceforapps","connectionName":"shared_commondataserviceforapps","operationId":"aibuilderpredict_textrecognition"},"authentication":"@parameters('$authentication')"}},"Get_my_profile_(V2)":{"runAfter":{"Apply_to_each_-_Apply_to_each_page":["Succeeded"]},"type":"OpenApiConnection","inputs":{"host":{"apiId":"/providers/Microsoft.PowerApps/apis/shared_office365users","connectionName":"shared_office365users","operationId":"MyProfile_V2"},"authentication":{"value":"@json(decodeBase64(triggerOutputs().headers['X-MS-APIM-Tokens']))['$ConnectionKey']","type":"Raw"}}},"Initialize_variable":{"runAfter":{"Recognize_text_in_an_image":["Succeeded"]},"type":"InitializeVariable","inputs":{"variables":[{"name":"Extracted text","type":"string"}]}},"Insert_row_(V2)":{"runAfter":{"Get_my_profile_(V2)":["Succeeded"]},"type":"OpenApiConnection","inputs":{"parameters":{"server":"CHIDWILA","database":"data","table":"[dbo].[invoice]"},"host":{"apiId":"/providers/Microsoft.PowerApps/apis/shared_sql","connectionName":"shared_sql","operationId":"PostItem_V2"},"authentication":{"value":"@json(decodeBase64(triggerOutputs().headers['X-MS-APIM-Tokens']))['$ConnectionKey']","type":"Raw"}}},"Get_row_(V2)":{"runAfter":{"Insert_row_(V2)":["Succeeded"]},"type":"OpenApiConnection","inputs":{"parameters":{"server":"CHIDWILA","database":"data","table":"invoice","id":"sId"},"host":{"apiId":"/providers/Microsoft.PowerApps/apis/shared_sql","connectionName":"shared_sql","operationId":"GetItem_V2"},"authentication":{"value":"@json(decodeBase64(triggerOutputs().headers['X-MS-APIM-Tokens']))['$ConnectionKey']","type":"Raw"}}},"Update_row_(V2)":{"runAfter":{"Get_row_(V2)":["Succeeded"]},"type":"OpenApiConnection","inputs":{"parameters":{"server":"CHIDWILA","database":"data","table":"invoice","id":"total"},"host":{"apiId":"/providers/Microsoft.PowerApps/apis/shared_sql","connectionName":"shared_sql","operationId":"PatchItem_V2"},"authentication":{"value":"@json(decodeBase64(triggerOutputs().headers['X-MS-APIM-Tokens']))['$ConnectionKey']","type":"Raw"}}},"Get_tables_(V2)":{"runAfter":{"Update_row_(V2)":["Succeeded"]},"type":"OpenApiConnection","inputs":{"parameters":{"server":"CHIDWILA","database":"data"},"host":{"apiId":"/providers/Microsoft.PowerApps/apis/shared_sql","connectionName":"shared_sql","operationId":"GetTables_V2"},"authentication":{"value":"@json(decodeBase64(triggerOutputs().headers['X-MS-APIM-Tokens']))['$ConnectionKey']","type":"Raw"}}}}},"connectionReferences":{"shared_commondataserviceforapps":{"connectionName":"shared-commondataser-a0db926d-c755-4f67-9832-eba89c646eb2","source":"Embedded","id":"/providers/Microsoft.PowerApps/apis/shared_commondataserviceforapps","tier":"NotSpecified","apiName":"commondataserviceforapps"},"shared_office365users":{"connectionName":"shared-office365user-346d1e51-d9f7-48fe-a18a-5ef966288a54","source":"Invoker","id":"/providers/Microsoft.PowerApps/apis/shared_office365users","tier":"NotSpecified","apiName":"office365users"},"shared_sql":{"connectionName":"ca117348c455492c9220db0d1508f22b","source":"Invoker","id":"/providers/Microsoft.PowerApps/apis/shared_sql","tier":"NotSpecified","apiName":"sql"}},"flowFailureAlertSubscribed":false,"isManaged":false}}